<?xml version="1.0" encoding="ISO-8859-1"?>
<!--
 Licensed to the Apache Software Foundation (ASF) under one or more
 contributor license agreements.  See the NOTICE file distributed with
 this work for additional information regarding copyright ownership.
 The ASF licenses this file to You under the Apache License, Version 2.0
 (the "License"); you may not use this file except in compliance with
 the License.  You may obtain a copy of the License at

      http://www.apache.org/licenses/LICENSE-2.0

 Unless required by applicable law or agreed to in writing, software
 distributed under the License is distributed on an "AS IS" BASIS,
 WITHOUT WARRANTIES OR CONDITIONS OF ANY KIND, either express or implied.
 See the License for the specific language governing permissions and
 limitations under the License.
-->
<project name="Digester">

  <bannerRight>
    <name>Commons Digester</name>
    <src>/images/logo.png</src>
    <href>/index.html</href>
  </bannerRight>

  <body>
    <menu name="Digester">
      <item name="Overview"             href="/index.html" />
      <item name="Mailing Lists"        href="/mail-lists.html" />
      <item name="Issue Tracking"       href="/issue-tracking.html" />
      <item name="Source Repository"    href="/source-repository.html" />
      <item name="Download"             href="/download_digester.cgi" />
      <item name="Javadoc (SVN latest)" href="/apidocs/index.html" />
    </menu>

    <menu name="Developers Guide">
      <item name="Core APIs"            href="/guide/core.html" />
      <item name="Rules Binder"         href="/guide/binder.html" />
      <item name="Constructor based rule (new)" href="/guide/constructor.html" />
      <item name="Async parser"         href="/guide/async.html" />
      <item name="Plugins"              href="/guide/plugins.html" />
      <item name="Substitution"         href="/guide/substitution.html" />
      <item name="XML Rules"            href="/guide/xmlrules.html" />
      <item name="Annotations"          href="/guide/annotations.html" />
      <item name="FAQ"                  href="/guide/faq.html" />
    </menu>

    <!--
      - Note that the links in these menu options require manual installation of the
      - appropriate dirs on the website; maven won't set this up.
    -->
    <menu name="Release 3.2 (Current)">
      <item name="Javadoc" href="http://commons.apache.org/digester/commons-digester-3.2/apidocs" />
      <item name="Release Notes" href="http://commons.apache.org/digester/commons-digester-3.2/RELEASE-NOTES.txt" />
    </menu>
    <menu name="Release 3.1">
      <item name="Javadoc" href="http://commons.apache.org/digester/commons-digester-3.1/apidocs" />
      <item name="Release Notes" href="http://commons.apache.org/digester/commons-digester-3.1/RELEASE-NOTES.txt" />
    </menu>
    <menu name="Release 3.0">
      <item name="Javadoc" href="http://commons.apache.org/digester/commons-digester-3.0/apidocs" />
      <item name="Release Notes" href="http://commons.apache.org/digester/commons-digester-3.0/RELEASE-NOTES.txt" />
    </menu>
    <!-- maintain it just for old users -->
    <menu name="Release 2.1">
      <item name="Guide" href="http://commons.apache.org/digester/commons-digester-2.1/core.html">
        <item name="Core APIs"            href="http://commons.apache.org/digester/commons-digester-2.1/core.html" />
        <item name="Plugins"              href="http://commons.apache.org/digester/commons-digester-2.1/plugins.html" />
        <item name="Substitution"         href="http://commons.apache.org/digester/commons-digester-2.1/substitution.html" />
        <item name="XML Rules"            href="http://commons.apache.org/digester/commons-digester-2.1/xmlrules.html" />
        <item name="Annotations"          href="http://commons.apache.org/digester/commons-digester-2.1/annotations.html" />
        <item name="FAQ"                  href="http://commons.apache.org/digester/commons-digester-2.1/faq.html" />
      </item>
      <item name="Javadoc" href="http://commons.apache.org/digester/commons-digester-2.1/docs/api" />
      <item name="Release Notes" href="http://commons.apache.org/digester/commons-digester-2.1/RELEASE-NOTES.txt" />
    </menu>

  </body>

</project>
