<!--
 Licensed to the Apache Software Foundation (ASF) under one or more
 contributor license agreements.  See the NOTICE file distributed with
 this work for additional information regarding copyright ownership.
 The ASF licenses this file to You under the Apache License, Version 2.0
 (the "License"); you may not use this file except in compliance with
 the License.  You may obtain a copy of the License at
  
      http://www.apache.org/licenses/LICENSE-2.0
  
 Unless required by applicable law or agreed to in writing, software
 distributed under the License is distributed on an "AS IS" BASIS,
 WITHOUT WARRANTIES OR CONDITIONS OF ANY KIND, either express or implied.
 See the License for the specific language governing permissions and
 limitations under the License.
-->

<!-- catalogue of items in a library. -->

<catalog>
  <book isbn="0-596-00184-3">
    <title>Ant, The Definitive Guide</title>
    <author>Jesse Tilly &amp; Eric M. Burke</author>
    <desc>Complete build management for Java.</desc>
  </book>

  <book isbn="0201310058">
    <title>Effective Java</title>
    <author>Joshua Bloch</author>
    <desc>Tips for experienced Java software developers.</desc>
  </book>

  <dvd category="martial arts" year-made="1978">
    <attr id="name" value="Drunken Master"/>
    <attr id="desc" value="Hilarious slapstick starring Jackie Chan."/>
    <attr id="runtime" value="106"/>
  </dvd>

  <video category="drama" year-made="1993">
    <attr id="name" value="The Piano"/>
    <attr id="desc" value="Character drama set in New Zealand during the Victorian era."/>
    <attr id="runtime" value="121"/>
  </video>

</catalog>
